-- =========================================================
-- NBA Wiki - Historico completo 1947-2026 (version MySQL)
-- Universidad de Guayaquil - Proyecto de Programacion Web
-- Autor: Bryan Quinonez Spooner
-- =========================================================

CREATE DATABASE IF NOT EXISTS nba_wiki CHARACTER SET utf8mb4 COLLATE utf8mb4_unicode_ci;
USE nba_wiki;

DROP TABLE IF EXISTS favoritos;
DROP TABLE IF EXISTS usuarios;
DROP TABLE IF EXISTS campeonato_roster;
DROP TABLE IF EXISTS campeonatos;
DROP TABLE IF EXISTS jugadores;
DROP TABLE IF EXISTS equipos;

CREATE TABLE equipos (
    id INT AUTO_INCREMENT PRIMARY KEY,
    nombre VARCHAR(60) NOT NULL,
    ciudad VARCHAR(60) NOT NULL,
    color_principal VARCHAR(7) NOT NULL DEFAULT '#000000',
    abreviatura VARCHAR(5) NOT NULL
);

CREATE TABLE jugadores (
    id INT AUTO_INCREMENT PRIMARY KEY,
    nombre VARCHAR(80) NOT NULL
);

CREATE TABLE campeonatos (
    id INT AUTO_INCREMENT PRIMARY KEY,
    anio INT NOT NULL,
    equipo_campeon_id INT NOT NULL,
    equipo_finalista_id INT NOT NULL,
    conferencia_campeon VARCHAR(10) NOT NULL,
    resultado_serie VARCHAR(10) NOT NULL,
    mvp_finales_id INT,
    CONSTRAINT chk_conferencia CHECK (conferencia_campeon IN ('Este','Oeste')),
    FOREIGN KEY (equipo_campeon_id) REFERENCES equipos(id),
    FOREIGN KEY (equipo_finalista_id) REFERENCES equipos(id),
    FOREIGN KEY (mvp_finales_id) REFERENCES jugadores(id)
);

CREATE TABLE campeonato_roster (
    campeonato_id INT NOT NULL,
    jugador_id INT NOT NULL,
    PRIMARY KEY (campeonato_id, jugador_id),
    FOREIGN KEY (campeonato_id) REFERENCES campeonatos(id),
    FOREIGN KEY (jugador_id) REFERENCES jugadores(id)
);

CREATE TABLE usuarios (
    id INT AUTO_INCREMENT PRIMARY KEY,
    nombre_usuario VARCHAR(50) NOT NULL UNIQUE,
    email VARCHAR(100) NOT NULL UNIQUE,
    password_hash VARCHAR(255) NOT NULL,
    salt VARCHAR(64) NOT NULL,
    equipo_favorito_id INT,
    fecha_registro TIMESTAMP DEFAULT CURRENT_TIMESTAMP,
    FOREIGN KEY (equipo_favorito_id) REFERENCES equipos(id)
);

CREATE TABLE favoritos (
    usuario_id INT NOT NULL,
    campeonato_id INT NOT NULL,
    fecha TIMESTAMP DEFAULT CURRENT_TIMESTAMP,
    PRIMARY KEY (usuario_id, campeonato_id),
    FOREIGN KEY (usuario_id) REFERENCES usuarios(id),
    FOREIGN KEY (campeonato_id) REFERENCES campeonatos(id)
);

-- EQUIPOS
INSERT INTO equipos (id, nombre, ciudad, color_principal, abreviatura) VALUES
(1, 'Bullets (original)', 'Baltimore', '#002B5C', 'BAL'),
(2, 'Bullets', 'Baltimore', '#002B5C', 'BLT'),
(3, 'Celtics', 'Boston', '#007A33', 'BOS'),
(4, 'Bulls', 'Chicago', '#CE1141', 'CHI'),
(5, 'Stags', 'Chicago', '#CE1141', 'CHS'),
(6, 'Cavaliers', 'Cleveland', '#860038', 'CLE'),
(7, 'Mavericks', 'Dallas', '#00538C', 'DAL'),
(8, 'Nuggets', 'Denver', '#0E2240', 'DEN'),
(9, 'Pistons', 'Detroit', '#C8102E', 'DET'),
(10, 'Pistons', 'Fort Wayne', '#C8102E', 'FTW'),
(11, 'Warriors', 'Golden State', '#1D428A', 'GSW'),
(12, 'Rockets', 'Houston', '#CE1141', 'HOU'),
(13, 'Pacers', 'Indiana', '#FDBB30', 'IND'),
(14, 'Lakers', 'Los Angeles', '#552583', 'LAL'),
(15, 'Heat', 'Miami', '#98002E', 'MIA'),
(16, 'Bucks', 'Milwaukee', '#00471B', 'MIL'),
(17, 'Lakers', 'Minneapolis', '#552583', 'MNL'),
(18, 'Nets', 'New Jersey', '#000000', 'NJN'),
(19, 'Knicks', 'New York', '#F58426', 'NYK'),
(20, 'Thunder', 'Oklahoma City', '#007AC1', 'OKC'),
(21, 'Magic', 'Orlando', '#0077C0', 'ORL'),
(22, '76ers', 'Philadelphia', '#006BB6', 'PHI'),
(23, 'Warriors', 'Philadelphia', '#1D428A', 'PHW'),
(24, 'Suns', 'Phoenix', '#E56020', 'PHX'),
(25, 'Trail Blazers', 'Portland', '#E03A3E', 'POR'),
(26, 'Royals', 'Rochester', '#5A2D81', 'ROC'),
(27, 'Spurs', 'San Antonio', '#C4CED4', 'SAS'),
(28, 'SuperSonics', 'Seattle', '#00653A', 'SEA'),
(29, 'Warriors', 'San Francisco', '#1D428A', 'SFW'),
(30, 'Hawks', 'St. Louis', '#E03A3E', 'STL'),
(31, 'Nationals', 'Syracuse', '#006BB6', 'SYR'),
(32, 'Raptors', 'Toronto', '#CE1141', 'TOR'),
(33, 'Jazz', 'Utah', '#002B5C', 'UTA'),
(34, 'Bullets', 'Washington', '#002B5C', 'WSB'),
(35, 'Capitols', 'Washington', '#002B5C', 'WSC');

-- JUGADORES
INSERT INTO jugadores (id, nombre) VALUES
(1, 'Joe Fulks'),
(2, 'Buddy Jeannette'),
(3, 'Paul Hoffman'),
(4, 'George Mikan'),
(5, 'Jim Pollard'),
(6, 'Bob Davies'),
(7, 'Arnie Risen'),
(8, 'Vern Mikkelsen'),
(9, 'Dolph Schayes'),
(10, 'Paul Arizin'),
(11, 'Neil Johnston'),
(12, 'Bill Russell'),
(13, 'Bob Cousy'),
(14, 'Bob Pettit'),
(15, 'Sam Jones'),
(16, 'John Havlicek'),
(17, 'Wilt Chamberlain'),
(18, 'Hal Greer'),
(19, 'Jerry West'),
(20, 'Willis Reed'),
(21, 'Walt Frazier'),
(22, 'Lew Alcindor (Kareem Abdul-Jabbar)'),
(23, 'Kareem Abdul-Jabbar'),
(24, 'Oscar Robertson'),
(25, 'Dave Cowens'),
(26, 'Rick Barry'),
(27, 'Jo Jo White'),
(28, 'Bill Walton'),
(29, 'Wes Unseld'),
(30, 'Elvin Hayes'),
(31, 'Dennis Johnson'),
(32, 'Gus Williams'),
(33, 'Magic Johnson'),
(34, 'Cedric Maxwell'),
(35, 'Larry Bird'),
(36, 'Moses Malone'),
(37, 'Julius Erving'),
(38, 'Kevin McHale'),
(39, 'James Worthy'),
(40, 'Joe Dumars'),
(41, 'Isiah Thomas'),
(42, 'Michael Jordan'),
(43, 'Scottie Pippen'),
(44, 'Hakeem Olajuwon'),
(45, 'Clyde Drexler'),
(46, 'Tim Duncan'),
(47, 'David Robinson'),
(48, 'Shaquille O''Neal'),
(49, 'Kobe Bryant'),
(50, 'Tony Parker'),
(51, 'Chauncey Billups'),
(52, 'Ben Wallace'),
(53, 'Manu Ginobili'),
(54, 'Dwyane Wade'),
(55, 'Paul Pierce'),
(56, 'Kevin Garnett'),
(57, 'Ray Allen'),
(58, 'Pau Gasol'),
(59, 'Dirk Nowitzki'),
(60, 'Jason Kidd'),
(61, 'LeBron James'),
(62, 'Kawhi Leonard'),
(63, 'Andre Iguodala'),
(64, 'Stephen Curry'),
(65, 'Klay Thompson'),
(66, 'Draymond Green'),
(67, 'Kyrie Irving'),
(68, 'Kevin Love'),
(69, 'Kevin Durant'),
(70, 'Kyle Lowry'),
(71, 'Pascal Siakam'),
(72, 'Fred VanVleet'),
(73, 'Anthony Davis'),
(74, 'Rajon Rondo'),
(75, 'Giannis Antetokounmpo'),
(76, 'Khris Middleton'),
(77, 'Jrue Holiday'),
(78, 'Andrew Wiggins'),
(79, 'Nikola Jokic'),
(80, 'Jamal Murray'),
(81, 'Aaron Gordon'),
(82, 'Jaylen Brown'),
(83, 'Jayson Tatum'),
(84, 'Kristaps Porzingis'),
(85, 'Shai Gilgeous-Alexander'),
(86, 'Jalen Williams'),
(87, 'Chet Holmgren'),
(88, 'Jalen Brunson'),
(89, 'OG Anunoby'),
(90, 'Karl-Anthony Towns'),
(91, 'Josh Hart');

-- CAMPEONATOS
INSERT INTO campeonatos (id, anio, equipo_campeon_id, equipo_finalista_id, conferencia_campeon, resultado_serie, mvp_finales_id) VALUES
(1, 1947, 23, 5, 'Este', '4-1', NULL),
(2, 1948, 1, 23, 'Oeste', '4-2', NULL),
(3, 1949, 17, 35, 'Oeste', '4-2', NULL),
(4, 1950, 17, 31, 'Oeste', '4-2', NULL),
(5, 1951, 26, 19, 'Oeste', '4-3', NULL),
(6, 1952, 17, 19, 'Oeste', '4-3', NULL),
(7, 1953, 17, 19, 'Oeste', '4-1', NULL),
(8, 1954, 17, 31, 'Oeste', '4-3', NULL),
(9, 1955, 31, 10, 'Este', '4-3', NULL),
(10, 1956, 23, 10, 'Este', '4-1', NULL),
(11, 1957, 3, 30, 'Este', '4-3', NULL),
(12, 1958, 30, 3, 'Oeste', '4-2', NULL),
(13, 1959, 3, 17, 'Este', '4-0', NULL),
(14, 1960, 3, 30, 'Este', '4-3', NULL),
(15, 1961, 3, 30, 'Este', '4-1', NULL),
(16, 1962, 3, 14, 'Este', '4-3', NULL),
(17, 1963, 3, 14, 'Este', '4-2', NULL),
(18, 1964, 3, 29, 'Este', '4-1', NULL),
(19, 1965, 3, 14, 'Este', '4-1', NULL),
(20, 1966, 3, 14, 'Este', '4-3', NULL),
(21, 1967, 22, 29, 'Este', '4-2', NULL),
(22, 1968, 3, 14, 'Este', '4-2', 12),
(23, 1969, 3, 14, 'Este', '4-3', 19),
(24, 1970, 19, 14, 'Este', '4-3', 20),
(25, 1971, 16, 2, 'Oeste', '4-0', 22),
(26, 1972, 14, 19, 'Oeste', '4-1', 17),
(27, 1973, 19, 14, 'Este', '4-1', 20),
(28, 1974, 3, 16, 'Este', '4-3', 16),
(29, 1975, 11, 34, 'Oeste', '4-0', 26),
(30, 1976, 3, 24, 'Este', '4-2', 27),
(31, 1977, 25, 22, 'Oeste', '4-2', 28),
(32, 1978, 34, 28, 'Este', '4-3', 29),
(33, 1979, 28, 34, 'Oeste', '4-1', 31),
(34, 1980, 14, 22, 'Oeste', '4-2', 33),
(35, 1981, 3, 12, 'Este', '4-2', 34),
(36, 1982, 14, 22, 'Oeste', '4-2', 33),
(37, 1983, 22, 14, 'Este', '4-0', 36),
(38, 1984, 3, 14, 'Este', '4-3', 35),
(39, 1985, 14, 3, 'Oeste', '4-2', 23),
(40, 1986, 3, 12, 'Este', '4-2', 35),
(41, 1987, 14, 3, 'Oeste', '4-2', 33),
(42, 1988, 14, 9, 'Oeste', '4-3', 39),
(43, 1989, 9, 14, 'Este', '4-0', 40),
(44, 1990, 9, 25, 'Este', '4-1', 41),
(45, 1991, 4, 14, 'Este', '4-1', 42),
(46, 1992, 4, 25, 'Este', '4-2', 42),
(47, 1993, 4, 24, 'Este', '4-2', 42),
(48, 1994, 12, 19, 'Oeste', '4-3', 44),
(49, 1995, 12, 21, 'Oeste', '4-0', 44),
(50, 1996, 4, 28, 'Este', '4-2', 42),
(51, 1997, 4, 33, 'Este', '4-2', 42),
(52, 1998, 4, 33, 'Este', '4-2', 42),
(53, 1999, 27, 19, 'Oeste', '4-1', 46),
(54, 2000, 14, 13, 'Oeste', '4-2', 48),
(55, 2001, 14, 22, 'Oeste', '4-1', 48),
(56, 2002, 14, 18, 'Oeste', '4-0', 48),
(57, 2003, 27, 18, 'Oeste', '4-2', 46),
(58, 2004, 9, 14, 'Este', '4-1', 51),
(59, 2005, 27, 9, 'Oeste', '4-3', 46),
(60, 2006, 15, 7, 'Este', '4-2', 54),
(61, 2007, 27, 6, 'Oeste', '4-0', 50),
(62, 2008, 3, 14, 'Este', '4-2', 55),
(63, 2009, 14, 21, 'Oeste', '4-1', 49),
(64, 2010, 14, 3, 'Oeste', '4-3', 49),
(65, 2011, 7, 15, 'Oeste', '4-2', 59),
(66, 2012, 15, 20, 'Este', '4-1', 61),
(67, 2013, 15, 27, 'Este', '4-3', 61),
(68, 2014, 27, 15, 'Oeste', '4-1', 62),
(69, 2015, 11, 6, 'Oeste', '4-2', 63),
(70, 2016, 6, 11, 'Este', '4-3', 61),
(71, 2017, 11, 6, 'Oeste', '4-1', 69),
(72, 2018, 11, 6, 'Oeste', '4-0', 69),
(73, 2019, 32, 11, 'Este', '4-2', 62),
(74, 2020, 14, 15, 'Oeste', '4-2', 61),
(75, 2021, 16, 24, 'Este', '4-2', 75),
(76, 2022, 11, 3, 'Oeste', '4-2', 64),
(77, 2023, 8, 15, 'Oeste', '4-1', 79),
(78, 2024, 3, 7, 'Este', '4-1', 82),
(79, 2025, 20, 13, 'Oeste', '4-3', 85),
(80, 2026, 19, 27, 'Este', '4-1', 88);

-- CAMPEONATO_ROSTER
INSERT INTO campeonato_roster (campeonato_id, jugador_id) VALUES
(1, 1),
(2, 2),
(2, 3),
(3, 4),
(3, 5),
(4, 4),
(4, 5),
(5, 6),
(5, 7),
(6, 4),
(6, 5),
(6, 8),
(7, 4),
(7, 5),
(8, 4),
(8, 5),
(9, 9),
(10, 10),
(10, 11),
(11, 12),
(11, 13),
(12, 14),
(13, 12),
(13, 13),
(14, 12),
(14, 13),
(15, 12),
(15, 13),
(16, 12),
(16, 13),
(17, 12),
(17, 13),
(18, 12),
(18, 15),
(19, 12),
(19, 15),
(20, 12),
(20, 16),
(21, 17),
(21, 18),
(22, 12),
(22, 16),
(23, 12),
(23, 16),
(24, 20),
(24, 21),
(25, 23),
(25, 24),
(26, 17),
(26, 19),
(27, 20),
(27, 21),
(28, 16),
(28, 25),
(29, 26),
(30, 27),
(30, 25),
(31, 28),
(32, 29),
(32, 30),
(33, 31),
(33, 32),
(34, 33),
(34, 23),
(35, 35),
(35, 34),
(36, 33),
(36, 23),
(37, 36),
(37, 37),
(38, 35),
(38, 38),
(39, 33),
(39, 23),
(40, 35),
(40, 38),
(41, 33),
(41, 23),
(42, 33),
(42, 39),
(43, 41),
(43, 40),
(44, 41),
(44, 40),
(45, 42),
(45, 43),
(46, 42),
(46, 43),
(47, 42),
(47, 43),
(48, 44),
(49, 44),
(49, 45),
(50, 42),
(50, 43),
(51, 42),
(51, 43),
(52, 42),
(52, 43),
(53, 46),
(53, 47),
(54, 48),
(54, 49),
(55, 48),
(55, 49),
(56, 48),
(56, 49),
(57, 46),
(57, 50),
(58, 51),
(58, 52),
(59, 46),
(59, 53),
(60, 54),
(60, 48),
(61, 46),
(61, 50),
(62, 55),
(62, 56),
(62, 57),
(63, 49),
(63, 58),
(64, 49),
(64, 58),
(65, 59),
(65, 60),
(66, 61),
(66, 54),
(67, 61),
(67, 54),
(68, 46),
(68, 62),
(69, 64),
(69, 65),
(69, 66),
(69, 63),
(70, 61),
(70, 67),
(70, 68),
(71, 64),
(71, 69),
(71, 65),
(71, 66),
(72, 64),
(72, 69),
(72, 65),
(72, 66),
(73, 62),
(73, 70),
(73, 71),
(73, 72),
(74, 61),
(74, 73),
(74, 74),
(75, 75),
(75, 76),
(75, 77),
(76, 64),
(76, 65),
(76, 66),
(76, 78),
(77, 79),
(77, 80),
(77, 81),
(78, 82),
(78, 83),
(78, 84),
(79, 85),
(79, 86),
(79, 87),
(80, 88),
(80, 89),
(80, 90),
(80, 91);